Company Name,Batch,Description,Location,Industry,YC Profile URL,Email Pattern,How to Find Email
Indemni,W24,Cargo Theft and Fraud Prevention Platform,"San Francisco, CA",B2B,https://www.ycombinator.com/companies/indemni,founders@indemni.com or hello@indemni.com,Visit https://www.ycombinator.com/companies/indemni → click company website → check /contact or footer
ParcelBio,W24,Next-generation mRNA medicines,,Healthcare,https://www.ycombinator.com/companies/parcelbio,founders@parcelbio.com or hello@parcelbio.com,Visit https://www.ycombinator.com/companies/parcelbio → click company website → check /contact or footer
K-Scale Labs,W24,Open-source humanoid robots,"Palo Alto, CA",Consumer,https://www.ycombinator.com/companies/k-scale-labs,founders@k-scalelabs.com or hello@k-scalelabs.com,Visit https://www.ycombinator.com/companies/k-scale-labs → click company website → check /contact or footer
Marr Labs,W24,AI-voice agents indistinguishable from humans,"San Francisco, CA",B2B,https://www.ycombinator.com/companies/marr-labs,founders@marrlabs.com or hello@marrlabs.com,Visit https://www.ycombinator.com/companies/marr-labs → click company website → check /contact or footer
Forge Rewards,W24,Starbucks app for restaurants,"San Francisco, CA",B2B,https://www.ycombinator.com/companies/forge-rewards,founders@forgerewards.com or hello@forgerewards.com,Visit https://www.ycombinator.com/companies/forge-rewards → click company website → check /contact or footer
Dropback,W24,Front office software suite for college sports,Remote,Fintech,https://www.ycombinator.com/companies/dropback,founders@dropback.com or hello@dropback.com,Visit https://www.ycombinator.com/companies/dropback → click company website → check /contact or footer
RetailReady,W24,AI-powered supply chain compliance engine,,B2B,https://www.ycombinator.com/companies/retailready,founders@retailready.com or hello@retailready.com,Visit https://www.ycombinator.com/companies/retailready → click company website → check /contact or footer
Same,W24,Build products without coding,"San Francisco, CA",Consumer,https://www.ycombinator.com/companies/same,founders@same.com or hello@same.com,Visit https://www.ycombinator.com/companies/same → click company website → check /contact or footer
NowHouse,W24,Helps stock brokerages settle trades instantly,,Fintech,https://www.ycombinator.com/companies/nowhouse,founders@nowhouse.com or hello@nowhouse.com,Visit https://www.ycombinator.com/companies/nowhouse → click company website → check /contact or footer
GetCrux,W24,AI Creative Strategist,"San Francisco, CA",B2B,https://www.ycombinator.com/companies/getcrux,founders@getcrux.com or hello@getcrux.com,Visit https://www.ycombinator.com/companies/getcrux → click company website → check /contact or footer
Reprompt,W24,AI Agents for Location,,B2B,https://www.ycombinator.com/companies/reprompt,founders@reprompt.com or hello@reprompt.com,Visit https://www.ycombinator.com/companies/reprompt → click company website → check /contact or footer
InspectMind AI,W24,AI agent for construction drawings review,"San Francisco, CA",Real Estate,https://www.ycombinator.com/companies/inspectmind-ai,founders@inspectmindai.com or hello@inspectmindai.com,Visit https://www.ycombinator.com/companies/inspectmind-ai → click company website → check /contact or footer
Yarn,W24,Make sales and marketing videos with AI,"New York, NY",B2B,https://www.ycombinator.com/companies/yarn,founders@yarn.com or hello@yarn.com,Visit https://www.ycombinator.com/companies/yarn → click company website → check /contact or footer
Blacksmith,W24,The fastest way to run your GitHub Actions,,B2B,https://www.ycombinator.com/companies/blacksmith,founders@blacksmith.com or hello@blacksmith.com,Visit https://www.ycombinator.com/companies/blacksmith → click company website → check /contact or footer
CrowdVolt,W24,Integration layer for live events infrastructure,"New York, NY",Consumer,https://www.ycombinator.com/companies/crowdvolt,founders@crowdvolt.com or hello@crowdvolt.com,Visit https://www.ycombinator.com/companies/crowdvolt → click company website → check /contact or footer
kater.ai,W24,Deliver complete data analysis from a single question,"San Francisco, CA",B2B,https://www.ycombinator.com/companies/kater-ai,founders@katerai.com or hello@katerai.com,Visit https://www.ycombinator.com/companies/kater-ai → click company website → check /contact or footer
Mathos,W24,AI Math Problem Solver for Personalized Learning,"Santa Clara, CA",Education,https://www.ycombinator.com/companies/mathos,founders@mathos.com or hello@mathos.com,Visit https://www.ycombinator.com/companies/mathos → click company website → check /contact or footer
Tower,W24,M&A due diligence platform powered by AI,"San Francisco, CA",B2B,https://www.ycombinator.com/companies/tower,founders@tower.com or hello@tower.com,Visit https://www.ycombinator.com/companies/tower → click company website → check /contact or footer
Quivr,W24,AI-powered auto-resolutions and reply suggestions,"Paris, France",B2B,https://www.ycombinator.com/companies/quivr,founders@quivr.com or hello@quivr.com,Visit https://www.ycombinator.com/companies/quivr → click company website → check /contact or footer
Dragoneye,W24,Custom video detection models in less than 5 minutes,"New York, NY",B2B,https://www.ycombinator.com/companies/dragoneye,founders@dragoneye.com or hello@dragoneye.com,Visit https://www.ycombinator.com/companies/dragoneye → click company website → check /contact or footer
renderlet,W24,Build interactive applications that run anywhere,"New York, NY",B2B,https://www.ycombinator.com/companies/renderlet,founders@renderlet.com or hello@renderlet.com,Visit https://www.ycombinator.com/companies/renderlet → click company website → check /contact or footer
Latted,W24,A Unified Editor For AI Video,"San Francisco, CA",B2B,https://www.ycombinator.com/companies/latted,founders@latted.com or hello@latted.com,Visit https://www.ycombinator.com/companies/latted → click company website → check /contact or footer
The New Money Company,W24,Invoicing that pays you even if your buyer doesn't,"San Francisco, CA",Fintech,https://www.ycombinator.com/companies/the-new-money-company,founders@thenewmoneycompany.com or hello@thenewmoneycompany.com,Visit https://www.ycombinator.com/companies/the-new-money-company → click company website → check /contact or footer
Forge,W24,Getting companies refunds on tariffs & duties,"New York, NY",B2B,https://www.ycombinator.com/companies/forge,founders@forge.com or hello@forge.com,Visit https://www.ycombinator.com/companies/forge → click company website → check /contact or footer
Integuru,W24,Generate the most robust APIs with any website,"San Francisco, CA",B2B,https://www.ycombinator.com/companies/integuru,founders@integuru.com or hello@integuru.com,Visit https://www.ycombinator.com/companies/integuru → click company website → check /contact or footer
VoxOps AI,W24,Voice AI for Automotive,"London, UK",B2B,https://www.ycombinator.com/companies/voxops-ai,founders@voxopsai.com or hello@voxopsai.com,Visit https://www.ycombinator.com/companies/voxops-ai → click company website → check /contact or footer
Granza Bio,W24,Reprogramming Immunity for Target-Specific Medicines,"San Francisco, CA",Healthcare,https://www.ycombinator.com/companies/granza-bio,founders@granzabio.com or hello@granzabio.com,Visit https://www.ycombinator.com/companies/granza-bio → click company website → check /contact or footer
Haplotype Labs,W24,Personalized prevention using genetics and AI,Remote,Healthcare,https://www.ycombinator.com/companies/haplotype-labs,founders@haplotypelabs.com or hello@haplotypelabs.com,Visit https://www.ycombinator.com/companies/haplotype-labs → click company website → check /contact or footer
Healia,W24,Modern health insurance for dual income families,"Columbus, OH",Fintech,https://www.ycombinator.com/companies/healia,founders@healia.com or hello@healia.com,Visit https://www.ycombinator.com/companies/healia → click company website → check /contact or footer
TrueClaim,W24,"Transparent, AI-powered healthcare TPA","San Francisco, CA",Healthcare,https://www.ycombinator.com/companies/trueclaim,founders@trueclaim.com or hello@trueclaim.com,Visit https://www.ycombinator.com/companies/trueclaim → click company website → check /contact or footer
CoCrafter,W24,B2B construction marketplace for contractors,"Munich, Germany",Real Estate,https://www.ycombinator.com/companies/cocrafter,founders@cocrafter.com or hello@cocrafter.com,Visit https://www.ycombinator.com/companies/cocrafter → click company website → check /contact or footer
Reform,W24,Workflow automation built for logistics,"San Francisco, CA",B2B,https://www.ycombinator.com/companies/reform,founders@reform.com or hello@reform.com,Visit https://www.ycombinator.com/companies/reform → click company website → check /contact or footer
Piramidal,W24,Foundation Model for the Brain,"New York, NY",Healthcare,https://www.ycombinator.com/companies/piramidal,founders@piramidal.com or hello@piramidal.com,Visit https://www.ycombinator.com/companies/piramidal → click company website → check /contact or footer
Junction Bioscience,W24,AI Hypothesis Engine for Molecular Discovery,,Healthcare,https://www.ycombinator.com/companies/junction-bioscience,founders@junctionbioscience.com or hello@junctionbioscience.com,Visit https://www.ycombinator.com/companies/junction-bioscience → click company website → check /contact or footer
OddsView,W24,The Bloomberg Terminal of Sports Betting,"New York, NY",Consumer,https://www.ycombinator.com/companies/oddsview,founders@oddsview.com or hello@oddsview.com,Visit https://www.ycombinator.com/companies/oddsview → click company website → check /contact or footer
Silogy,W24,AI-powered test and debug platform for chip developers,"New York, NY",B2B,https://www.ycombinator.com/companies/silogy,founders@silogy.com or hello@silogy.com,Visit https://www.ycombinator.com/companies/silogy → click company website → check /contact or footer
Senso,W24,Control what AI says about you,"Toronto, Canada",B2B,https://www.ycombinator.com/companies/senso,founders@senso.com or hello@senso.com,Visit https://www.ycombinator.com/companies/senso → click company website → check /contact or footer
Eris Biotech,W24,Drugs that engage the immune system to fight tumors,"Lehi, UT",Healthcare,https://www.ycombinator.com/companies/eris-biotech,founders@erisbiotech.com or hello@erisbiotech.com,Visit https://www.ycombinator.com/companies/eris-biotech → click company website → check /contact or footer
Powder,W24,AI Agents for precise document analysis,,Fintech,https://www.ycombinator.com/companies/powder,founders@powder.com or hello@powder.com,Visit https://www.ycombinator.com/companies/powder → click company website → check /contact or footer
OpenFoundry,W24,Fastest developer experience for open source AI,"San Francisco, CA",B2B,https://www.ycombinator.com/companies/openfoundry,founders@openfoundry.com or hello@openfoundry.com,Visit https://www.ycombinator.com/companies/openfoundry → click company website → check /contact or footer
Outerport,S24,Turn diagrams and CAD into structured data,"San Francisco, CA",B2B,https://www.ycombinator.com/companies/outerport,founders@outerport.com or hello@outerport.com,Visit https://www.ycombinator.com/companies/outerport → click company website → check /contact or footer
DreamRP,S24,Tech for human creators and entertainment,"San Francisco, CA",Consumer,https://www.ycombinator.com/companies/dreamrp,founders@dreamrp.com or hello@dreamrp.com,Visit https://www.ycombinator.com/companies/dreamrp → click company website → check /contact or footer
Conductor,S24,Run a team of coding agents on your Mac,"San Francisco, CA",B2B,https://www.ycombinator.com/companies/conductor,founders@conductor.com or hello@conductor.com,Visit https://www.ycombinator.com/companies/conductor → click company website → check /contact or footer
Syntra,S24,Medical data analytics for private practices,"San Francisco, CA",Healthcare,https://www.ycombinator.com/companies/syntra,founders@syntra.com or hello@syntra.com,Visit https://www.ycombinator.com/companies/syntra → click company website → check /contact or footer
PathPilot,S24,AI Agents for Lending Operations,"San Jose, CA",B2B,https://www.ycombinator.com/companies/pathpilot,founders@pathpilot.com or hello@pathpilot.com,Visit https://www.ycombinator.com/companies/pathpilot → click company website → check /contact or footer
Bits to Atoms,S24,Match job seekers to deep technology startups,,Consumer,https://www.ycombinator.com/companies/bits-to-atoms,founders@bitstoatoms.com or hello@bitstoatoms.com,Visit https://www.ycombinator.com/companies/bits-to-atoms → click company website → check /contact or footer
Midship,S24,AI for SOX testing,,B2B,https://www.ycombinator.com/companies/midship,founders@midship.com or hello@midship.com,Visit https://www.ycombinator.com/companies/midship → click company website → check /contact or footer
SimCare,S24,AI avatars to scale healthcare training,"San Francisco, CA",Healthcare,https://www.ycombinator.com/companies/simcare,founders@simcare.com or hello@simcare.com,Visit https://www.ycombinator.com/companies/simcare → click company website → check /contact or footer
Merlin AI,S24,AI powered ERP for Construction,"Los Angeles, CA",B2B,https://www.ycombinator.com/companies/merlin-ai,founders@merlinai.com or hello@merlinai.com,Visit https://www.ycombinator.com/companies/merlin-ai → click company website → check /contact or footer
Freestyle,S24,We run and deploy code your AI wrote,"San Francisco, CA",B2B,https://www.ycombinator.com/companies/freestyle,founders@freestyle.com or hello@freestyle.com,Visit https://www.ycombinator.com/companies/freestyle → click company website → check /contact or footer
Arva AI,S24,"AI Agents to scale AML, KYB and KYC operations",,B2B,https://www.ycombinator.com/companies/arva-ai,founders@arvaai.com or hello@arvaai.com,Visit https://www.ycombinator.com/companies/arva-ai → click company website → check /contact or footer
Affil.ai,S24,AI Affiliate Network For Financial Companies,"San Francisco, CA",B2B,https://www.ycombinator.com/companies/affil-ai,founders@affilai.com or hello@affilai.com,Visit https://www.ycombinator.com/companies/affil-ai → click company website → check /contact or footer
OrgOrg,S24,Organizational productivity suite,"Los Altos, CA",B2B,https://www.ycombinator.com/companies/orgorg,founders@orgorg.com or hello@orgorg.com,Visit https://www.ycombinator.com/companies/orgorg → click company website → check /contact or footer
Patched,S24,Agentic workflows for Enterprise IT and Ops teams,,B2B,https://www.ycombinator.com/companies/patched,founders@patched.com or hello@patched.com,Visit https://www.ycombinator.com/companies/patched → click company website → check /contact or footer
Village Labs,S24,Helping businesses become employee owned,"New York, NY",B2B,https://www.ycombinator.com/companies/village-labs,founders@villagelabs.com or hello@villagelabs.com,Visit https://www.ycombinator.com/companies/village-labs → click company website → check /contact or footer
Mica AI,S24,Replace the humans fixing bad data,"San Francisco, CA",B2B,https://www.ycombinator.com/companies/mica-ai,founders@micaai.com or hello@micaai.com,Visit https://www.ycombinator.com/companies/mica-ai → click company website → check /contact or footer
Formula Insight,S24,Help investors manage and query Excel models,"New York, NY",B2B,https://www.ycombinator.com/companies/formula-insight,founders@formulainsight.com or hello@formulainsight.com,Visit https://www.ycombinator.com/companies/formula-insight → click company website → check /contact or footer
Overlap,S24,Multimodal AI agents for video,"San Francisco, CA",Consumer,https://www.ycombinator.com/companies/overlap,founders@overlap.com or hello@overlap.com,Visit https://www.ycombinator.com/companies/overlap → click company website → check /contact or footer
Capitol AI,S24,The sovereign operating system for intelligence,"Washington, DC",B2B,https://www.ycombinator.com/companies/capitol-ai,founders@capitolai.com or hello@capitolai.com,Visit https://www.ycombinator.com/companies/capitol-ai → click company website → check /contact or footer
Void,S24,The open source Cursor alternative,"San Francisco, CA",B2B,https://www.ycombinator.com/companies/void,founders@void.com or hello@void.com,Visit https://www.ycombinator.com/companies/void → click company website → check /contact or footer
Anglera,S24,AI-Powered Product Data Enrichment,"San Francisco, CA",B2B,https://www.ycombinator.com/companies/anglera,founders@anglera.com or hello@anglera.com,Visit https://www.ycombinator.com/companies/anglera → click company website → check /contact or footer
XTraffic,S24,Technology for cities to manage traffic lights,,Government,https://www.ycombinator.com/companies/xtraffic,founders@xtraffic.com or hello@xtraffic.com,Visit https://www.ycombinator.com/companies/xtraffic → click company website → check /contact or footer
BrowserOS,S24,The Open Source Agentic Browser,"San Francisco, CA",Consumer,https://www.ycombinator.com/companies/browseros,founders@browseros.com or hello@browseros.com,Visit https://www.ycombinator.com/companies/browseros → click company website → check /contact or footer
Henry,S24,Automating Deal Decks for CRE Brokers,"New York, NY",Real Estate,https://www.ycombinator.com/companies/henry,founders@henry.com or hello@henry.com,Visit https://www.ycombinator.com/companies/henry → click company website → check /contact or footer
Ficra,S24,Real time source of truth for product screens,"San Francisco, CA",B2B,https://www.ycombinator.com/companies/ficra,founders@ficra.com or hello@ficra.com,Visit https://www.ycombinator.com/companies/ficra → click company website → check /contact or footer
RowBoat Labs,S24,Open-source AI-assisted agent builder,"San Francisco, CA",B2B,https://www.ycombinator.com/companies/rowboat-labs,founders@rowboatlabs.com or hello@rowboatlabs.com,Visit https://www.ycombinator.com/companies/rowboat-labs → click company website → check /contact or footer
Pipeshift,S24,Inference for real-time production workloads,"San Francisco, CA",B2B,https://www.ycombinator.com/companies/pipeshift,founders@pipeshift.com or hello@pipeshift.com,Visit https://www.ycombinator.com/companies/pipeshift → click company website → check /contact or footer
Vera Health,S24,AI clinical decision support for healthcare,"San Francisco, CA",Healthcare,https://www.ycombinator.com/companies/vera-health,founders@verahealth.com or hello@verahealth.com,Visit https://www.ycombinator.com/companies/vera-health → click company website → check /contact or footer
Pharos,S24,Helping hospitals identify avoidable harm using AI,"San Francisco, CA",Healthcare,https://www.ycombinator.com/companies/pharos,founders@pharos.com or hello@pharos.com,Visit https://www.ycombinator.com/companies/pharos → click company website → check /contact or footer
et al.,S24,Feed of insights from go-to sources using LLMs,"San Francisco, CA",Consumer,https://www.ycombinator.com/companies/et-al,founders@etal.com or hello@etal.com,Visit https://www.ycombinator.com/companies/et-al → click company website → check /contact or footer
Keet,S24,Authentication for AI Agents,,B2B,https://www.ycombinator.com/companies/keet,founders@keet.com or hello@keet.com,Visit https://www.ycombinator.com/companies/keet → click company website → check /contact or footer
Terra,S24,Design and sell products in minutes,,B2B,https://www.ycombinator.com/companies/terra,founders@terra.com or hello@terra.com,Visit https://www.ycombinator.com/companies/terra → click company website → check /contact or footer
Dayflow,S24,Auto-generate a detailed log of your work,"San Francisco, CA",Consumer,https://www.ycombinator.com/companies/dayflow,founders@dayflow.com or hello@dayflow.com,Visit https://www.ycombinator.com/companies/dayflow → click company website → check /contact or footer
Diode Computers,S24,Automate circuit board design using AI,"New York, NY",B2B,https://www.ycombinator.com/companies/diode-computers,founders@diodecomputers.com or hello@diodecomputers.com,Visit https://www.ycombinator.com/companies/diode-computers → click company website → check /contact or footer
SureBright,S24,Apple Care-like warranty for every retailer,Remote,B2B,https://www.ycombinator.com/companies/surebright,founders@surebright.com or hello@surebright.com,Visit https://www.ycombinator.com/companies/surebright → click company website → check /contact or footer
Usul,S24,AI Platform for Defense & Government Contracts,"San Francisco, CA",Government,https://www.ycombinator.com/companies/usul,founders@usul.com or hello@usul.com,Visit https://www.ycombinator.com/companies/usul → click company website → check /contact or footer
Saldor,S24,,"San Francisco, CA",Consumer,https://www.ycombinator.com/companies/saldor,founders@saldor.com or hello@saldor.com,Visit https://www.ycombinator.com/companies/saldor → click company website → check /contact or footer
Bucket Robotics,S24,Defect detection for manufacturing from CAD,,Industrials,https://www.ycombinator.com/companies/bucket-robotics,founders@bucketrobotics.com or hello@bucketrobotics.com,Visit https://www.ycombinator.com/companies/bucket-robotics → click company website → check /contact or footer
Oway,S24,AI Infrastructure for America's Empty Truck Space,"San Francisco, CA",B2B,https://www.ycombinator.com/companies/oway,founders@oway.com or hello@oway.com,Visit https://www.ycombinator.com/companies/oway → click company website → check /contact or footer
Elayne,S24,AI copilot for family estates,"New York, NY",Fintech,https://www.ycombinator.com/companies/elayne,founders@elayne.com or hello@elayne.com,Visit https://www.ycombinator.com/companies/elayne → click company website → check /contact or footer
Red Barn Robotics,W25,A Roomba for weeds on a farm,,Industrials,https://www.ycombinator.com/companies/red-barn-robotics,founders@redbarnrobotics.com or hello@redbarnrobotics.com,Visit https://www.ycombinator.com/companies/red-barn-robotics → click company website → check /contact or footer
Mentra,W25,Open source smart glasses operating system,"San Francisco, CA",Consumer,https://www.ycombinator.com/companies/mentra,founders@mentra.com or hello@mentra.com,Visit https://www.ycombinator.com/companies/mentra → click company website → check /contact or footer
BlindPay,W25,Stablecoin API for global payments,,Fintech,https://www.ycombinator.com/companies/blindpay,founders@blindpay.com or hello@blindpay.com,Visit https://www.ycombinator.com/companies/blindpay → click company website → check /contact or footer
Vantel,W25,AI Platform for Commercial Insurance Brokerages,,Fintech,https://www.ycombinator.com/companies/vantel,founders@vantel.com or hello@vantel.com,Visit https://www.ycombinator.com/companies/vantel → click company website → check /contact or footer
Fira,W25,Financial research platform for investment firms,,B2B,https://www.ycombinator.com/companies/fira,founders@fira.com or hello@fira.com,Visit https://www.ycombinator.com/companies/fira → click company website → check /contact or footer
assistant-ui,W25,Open Source React.js Library for AI Chat,"San Francisco, CA",B2B,https://www.ycombinator.com/companies/assistant-ui,founders@assistant-ui.com or hello@assistant-ui.com,Visit https://www.ycombinator.com/companies/assistant-ui → click company website → check /contact or footer
Artifact,W25,Collaborative AI-native IDE for Hardware Engineers,,B2B,https://www.ycombinator.com/companies/artifact,founders@artifact.com or hello@artifact.com,Visit https://www.ycombinator.com/companies/artifact → click company website → check /contact or footer
Axal,W25,AI Workers for Manufacturing and Distribution,"San Francisco, CA",B2B,https://www.ycombinator.com/companies/axal,founders@axal.com or hello@axal.com,Visit https://www.ycombinator.com/companies/axal → click company website → check /contact or footer
Dex,W25,The AI Coworker in Chrome,"San Francisco, CA",B2B,https://www.ycombinator.com/companies/dex,founders@dex.com or hello@dex.com,Visit https://www.ycombinator.com/companies/dex → click company website → check /contact or footer
TrainLoop,W25,Reasoning Fine-Tuning,"San Francisco, CA",B2B,https://www.ycombinator.com/companies/trainloop,founders@trainloop.com or hello@trainloop.com,Visit https://www.ycombinator.com/companies/trainloop → click company website → check /contact or footer
Candid,W25,,,B2B,https://www.ycombinator.com/companies/candid,founders@candid.com or hello@candid.com,Visit https://www.ycombinator.com/companies/candid → click company website → check /contact or footer
SAMMY Labs,W25,Knowledge layer for your people and AI,,B2B,https://www.ycombinator.com/companies/sammy-labs,founders@sammylabs.com or hello@sammylabs.com,Visit https://www.ycombinator.com/companies/sammy-labs → click company website → check /contact or footer
Instinct,W25,Building lunar landers,,Industrials,https://www.ycombinator.com/companies/instinct,founders@instinct.com or hello@instinct.com,Visit https://www.ycombinator.com/companies/instinct → click company website → check /contact or footer
Mercura,W25,AI Quote and Order Automation for Distributors,,B2B,https://www.ycombinator.com/companies/mercura,founders@mercura.com or hello@mercura.com,Visit https://www.ycombinator.com/companies/mercura → click company website → check /contact or footer
emojis.com,W25,"Generate custom emojis for discord, slack, iMessage","San Francisco, CA",Consumer,https://www.ycombinator.com/companies/emojis-com,founders@emojiscom.com or hello@emojiscom.com,Visit https://www.ycombinator.com/companies/emojis-com → click company website → check /contact or footer
Cedar,W25,Execute the best sales playbook in industry,,B2B,https://www.ycombinator.com/companies/cedar,founders@cedar.com or hello@cedar.com,Visit https://www.ycombinator.com/companies/cedar → click company website → check /contact or footer
Browser Use,W25,Leading open-source web agent project 50k stars,"San Francisco, CA",B2B,https://www.ycombinator.com/companies/browser-use,founders@browseruse.com or hello@browseruse.com,Visit https://www.ycombinator.com/companies/browser-use → click company website → check /contact or footer
TamLabs,W25,AI for Professional Services,"San Francisco, CA",B2B,https://www.ycombinator.com/companies/tamlabs,founders@tamlabs.com or hello@tamlabs.com,Visit https://www.ycombinator.com/companies/tamlabs → click company website → check /contact or footer
Ergo,W25,AI agents and unified data layer for revenue teams,"San Francisco, CA",B2B,https://www.ycombinator.com/companies/ergo,founders@ergo.com or hello@ergo.com,Visit https://www.ycombinator.com/companies/ergo → click company website → check /contact or footer
CopyCat,W25,AI agents built for insurance,"San Francisco, CA",Fintech,https://www.ycombinator.com/companies/copycat,founders@copycat.com or hello@copycat.com,Visit https://www.ycombinator.com/companies/copycat → click company website → check /contact or footer
Paratus Health,W25,Medical Voice Agents for Patient Management,"Menlo Park, CA",Healthcare,https://www.ycombinator.com/companies/paratus-health,founders@paratushealth.com or hello@paratushealth.com,Visit https://www.ycombinator.com/companies/paratus-health → click company website → check /contact or footer
Butter,W25,Embedded Sandboxes for Agents,,B2B,https://www.ycombinator.com/companies/butter,founders@butter.com or hello@butter.com,Visit https://www.ycombinator.com/companies/butter → click company website → check /contact or footer
Bluebook,W25,AI for accounting,"San Francisco, CA",B2B,https://www.ycombinator.com/companies/bluebook,founders@bluebook.com or hello@bluebook.com,Visit https://www.ycombinator.com/companies/bluebook → click company website → check /contact or footer
TensorPool,W25,Vercel For GPUs,,B2B,https://www.ycombinator.com/companies/tensorpool,founders@tensorpool.com or hello@tensorpool.com,Visit https://www.ycombinator.com/companies/tensorpool → click company website → check /contact or footer
Dalus,W25,AI-Powered Hardware System Design Software,,B2B,https://www.ycombinator.com/companies/dalus,founders@dalus.com or hello@dalus.com,Visit https://www.ycombinator.com/companies/dalus → click company website → check /contact or footer
Roark,W25,"Test, monitor, and improve your voice agents","San Francisco, CA",B2B,https://www.ycombinator.com/companies/roark,founders@roark.com or hello@roark.com,Visit https://www.ycombinator.com/companies/roark → click company website → check /contact or footer
Rebolt,W25,AI-Powered Company OS,"San Francisco, CA",B2B,https://www.ycombinator.com/companies/rebolt,founders@rebolt.com or hello@rebolt.com,Visit https://www.ycombinator.com/companies/rebolt → click company website → check /contact or footer
Spott,W25,AI-native ATS/CRM for recruiting firms,,B2B,https://www.ycombinator.com/companies/spott,founders@spott.com or hello@spott.com,Visit https://www.ycombinator.com/companies/spott → click company website → check /contact or footer
Woz,W25,Claude Code plugin that reduces token cost by 50%,"San Francisco, CA",B2B,https://www.ycombinator.com/companies/woz,founders@woz.com or hello@woz.com,Visit https://www.ycombinator.com/companies/woz → click company website → check /contact or footer
Proception Inc,W25,Making humanoids dexterous enough to thread a needle,,Industrials,https://www.ycombinator.com/companies/proception-inc,founders@proceptioninc.com or hello@proceptioninc.com,Visit https://www.ycombinator.com/companies/proception-inc → click company website → check /contact or footer
Corsair,W25,Integration Layer for AI Agents,"New York, NY",B2B,https://www.ycombinator.com/companies/corsair,founders@corsair.com or hello@corsair.com,Visit https://www.ycombinator.com/companies/corsair → click company website → check /contact or footer
Wildcard,W25,Sell Products in ChatGPT Shopping,,B2B,https://www.ycombinator.com/companies/wildcard,founders@wildcard.com or hello@wildcard.com,Visit https://www.ycombinator.com/companies/wildcard → click company website → check /contact or footer
Permitify,W25,AI co-pilot for building plan review,,Real Estate,https://www.ycombinator.com/companies/permitify,founders@permitify.com or hello@permitify.com,Visit https://www.ycombinator.com/companies/permitify → click company website → check /contact or footer
Reditus Space,W25,Reusable Satellites for zero-g manufacturing,"Atlanta, GA",Industrials,https://www.ycombinator.com/companies/reditus-space,founders@reditusspace.com or hello@reditusspace.com,Visit https://www.ycombinator.com/companies/reditus-space → click company website → check /contact or footer
Optifye.ai,W25,AI performance monitoring for factory workers,"San Francisco, CA",B2B,https://www.ycombinator.com/companies/optifye-ai,founders@optifyeai.com or hello@optifyeai.com,Visit https://www.ycombinator.com/companies/optifye-ai → click company website → check /contact or footer
Pinch,W25,Real-time AI Voice Translation for Developers,Remote,B2B,https://www.ycombinator.com/companies/pinch,founders@pinch.com or hello@pinch.com,Visit https://www.ycombinator.com/companies/pinch → click company website → check /contact or footer
Retrofit,W25,A vintage marketplace curated by AI,"New York, NY",Consumer,https://www.ycombinator.com/companies/retrofit,founders@retrofit.com or hello@retrofit.com,Visit https://www.ycombinator.com/companies/retrofit → click company website → check /contact or footer
Archon,W25,Help software companies sell to government,"San Francisco, CA",Government,https://www.ycombinator.com/companies/archon,founders@archon.com or hello@archon.com,Visit https://www.ycombinator.com/companies/archon → click company website → check /contact or footer
Forge Automation,W25,Software Enabled CNC Parts Supplier,"Toronto, Canada",Industrials,https://www.ycombinator.com/companies/forge-automation,founders@forgeautomation.com or hello@forgeautomation.com,Visit https://www.ycombinator.com/companies/forge-automation → click company website → check /contact or footer
Mastra,W25,Javascript framework for building AI agents,Remote,B2B,https://www.ycombinator.com/companies/mastra,founders@mastra.com or hello@mastra.com,Visit https://www.ycombinator.com/companies/mastra → click company website → check /contact or footer
Cohesive,X25,The agentic CRM for blue-collar services,"New York, NY",B2B,https://www.ycombinator.com/companies/cohesive,founders@cohesive.com or hello@cohesive.com,Visit https://www.ycombinator.com/companies/cohesive → click company website → check /contact or footer
Docket,X25,AI agents for web testing,"San Francisco, CA",B2B,https://www.ycombinator.com/companies/docket,founders@docket.com or hello@docket.com,Visit https://www.ycombinator.com/companies/docket → click company website → check /contact or footer
Sureform,X25,Real-world data for world models and robotics,"Palo Alto, CA",B2B,https://www.ycombinator.com/companies/sureform,founders@sureform.com or hello@sureform.com,Visit https://www.ycombinator.com/companies/sureform → click company website → check /contact or footer
Foundation Industries,X25,Supply hard tech companies with critical components,,Industrials,https://www.ycombinator.com/companies/foundation-industries,founders@foundationindustries.com or hello@foundationindustries.com,Visit https://www.ycombinator.com/companies/foundation-industries → click company website → check /contact or footer
Godela,X25,AI Physics Engine to replace simulations,"San Francisco, CA",B2B,https://www.ycombinator.com/companies/godela,founders@godela.com or hello@godela.com,Visit https://www.ycombinator.com/companies/godela → click company website → check /contact or footer
Aegis,X25,AI Agents to win denied health insurance claims,"San Francisco, CA",Healthcare,https://www.ycombinator.com/companies/aegis,founders@aegis.com or hello@aegis.com,Visit https://www.ycombinator.com/companies/aegis → click company website → check /contact or footer
Cascade Space,X25,Deep space communications as a service,,Industrials,https://www.ycombinator.com/companies/cascade-space,founders@cascadespace.com or hello@cascadespace.com,Visit https://www.ycombinator.com/companies/cascade-space → click company website → check /contact or footer
Bond,X25,Your AI Chief of Staff,"San Francisco, CA",B2B,https://www.ycombinator.com/companies/bond,founders@bond.com or hello@bond.com,Visit https://www.ycombinator.com/companies/bond → click company website → check /contact or footer
Blueshoe,X25,The AI platform for legal reasoning,"Boston, MA",B2B,https://www.ycombinator.com/companies/blueshoe,founders@blueshoe.com or hello@blueshoe.com,Visit https://www.ycombinator.com/companies/blueshoe → click company website → check /contact or footer
sieve,X25,AI + human review to solve data cleaning,"New York, NY",B2B,https://www.ycombinator.com/companies/sieve,founders@sieve.com or hello@sieve.com,Visit https://www.ycombinator.com/companies/sieve → click company website → check /contact or footer
Airweave,X25,Open-source context retrieval layer for agents,,B2B,https://www.ycombinator.com/companies/airweave,founders@airweave.com or hello@airweave.com,Visit https://www.ycombinator.com/companies/airweave → click company website → check /contact or footer
Theorem,X25,Program verification for systems engineers,"San Francisco, CA",B2B,https://www.ycombinator.com/companies/theorem,founders@theorem.com or hello@theorem.com,Visit https://www.ycombinator.com/companies/theorem → click company website → check /contact or footer
Text.ai,X25,Alfi - group chat with social skills,"San Francisco, CA",Consumer,https://www.ycombinator.com/companies/text-ai,founders@textai.com or hello@textai.com,Visit https://www.ycombinator.com/companies/text-ai → click company website → check /contact or footer
StarSling,X25,Cursor for DevOps,"San Francisco, CA",B2B,https://www.ycombinator.com/companies/starsling,founders@starsling.com or hello@starsling.com,Visit https://www.ycombinator.com/companies/starsling → click company website → check /contact or footer
Wavedash,X25,Play latest games in browser with no downloads,"San Francisco, CA",Consumer,https://www.ycombinator.com/companies/wavedash,founders@wavedash.com or hello@wavedash.com,Visit https://www.ycombinator.com/companies/wavedash → click company website → check /contact or footer
Cactus,X25,24/7 AI Call Center for Home Services,"San Francisco, CA",B2B,https://www.ycombinator.com/companies/cactus,founders@cactus.com or hello@cactus.com,Visit https://www.ycombinator.com/companies/cactus → click company website → check /contact or footer
Vision Lab,X25,Industrial data layer for robotics training,"San Francisco, CA",Industrials,https://www.ycombinator.com/companies/vision-lab,founders@visionlab.com or hello@visionlab.com,Visit https://www.ycombinator.com/companies/vision-lab → click company website → check /contact or footer
Code Four,X25,Modernizing the police workflow,"San Francisco, CA",Government,https://www.ycombinator.com/companies/code-four,founders@codefour.com or hello@codefour.com,Visit https://www.ycombinator.com/companies/code-four → click company website → check /contact or footer
Lumari,X25,AI Digital Workers for Supply Chain,"San Francisco, CA",B2B,https://www.ycombinator.com/companies/lumari,founders@lumari.com or hello@lumari.com,Visit https://www.ycombinator.com/companies/lumari → click company website → check /contact or footer
mlop,X25,Experiment tracking for training ML models,"San Francisco, CA",B2B,https://www.ycombinator.com/companies/mlop,founders@mlop.com or hello@mlop.com,Visit https://www.ycombinator.com/companies/mlop → click company website → check /contact or footer
Den,X25,Cursor for knowledge workers,,B2B,https://www.ycombinator.com/companies/den,founders@den.com or hello@den.com,Visit https://www.ycombinator.com/companies/den → click company website → check /contact or footer
Cotool,X25,AI Agents for Security Operations Teams,"San Francisco, CA",B2B,https://www.ycombinator.com/companies/cotool,founders@cotool.com or hello@cotool.com,Visit https://www.ycombinator.com/companies/cotool → click company website → check /contact or footer
Nimbic AI,X25,Auto write and update internal docs with code commits,,B2B,https://www.ycombinator.com/companies/nimbic-ai,founders@nimbicai.com or hello@nimbicai.com,Visit https://www.ycombinator.com/companies/nimbic-ai → click company website → check /contact or footer
Moby Analytics,X25,AI financial auditors,"Paris, France",B2B,https://www.ycombinator.com/companies/moby-analytics,founders@mobyanalytics.com or hello@mobyanalytics.com,Visit https://www.ycombinator.com/companies/moby-analytics → click company website → check /contact or footer
Rimba,X25,Data Capture to Report Creation for Heavy Industries,"San Francisco, CA",Industrials,https://www.ycombinator.com/companies/rimba,founders@rimba.com or hello@rimba.com,Visit https://www.ycombinator.com/companies/rimba → click company website → check /contact or footer
Adentris,X25,Real-time AI Compliance for Medical Documentation,"San Francisco, CA",Healthcare,https://www.ycombinator.com/companies/adentris,founders@adentris.com or hello@adentris.com,Visit https://www.ycombinator.com/companies/adentris → click company website → check /contact or footer
Probo,X25,Get compliant while you focus on your business,"San Francisco, CA",B2B,https://www.ycombinator.com/companies/probo,founders@probo.com or hello@probo.com,Visit https://www.ycombinator.com/companies/probo → click company website → check /contact or footer
MindFort,X25,Autonomous Security Agents,,B2B,https://www.ycombinator.com/companies/mindfort,founders@mindfort.com or hello@mindfort.com,Visit https://www.ycombinator.com/companies/mindfort → click company website → check /contact or footer
chrt,X25,Logistics platform for time-critical shipping,,B2B,https://www.ycombinator.com/companies/chrt,founders@chrt.com or hello@chrt.com,Visit https://www.ycombinator.com/companies/chrt → click company website → check /contact or footer
Mesmer,X25,Cursor for CTOs,"San Francisco, CA",B2B,https://www.ycombinator.com/companies/mesmer,founders@mesmer.com or hello@mesmer.com,Visit https://www.ycombinator.com/companies/mesmer → click company website → check /contact or footer
Naive,X25,Hire AI employees that run your company,"San Francisco, CA",B2B,https://www.ycombinator.com/companies/naive,founders@naive.com or hello@naive.com,Visit https://www.ycombinator.com/companies/naive → click company website → check /contact or footer
Janus,X25,Evaluate AI Agents with Simulation Environments,"San Francisco, CA",B2B,https://www.ycombinator.com/companies/janus,founders@janus.com or hello@janus.com,Visit https://www.ycombinator.com/companies/janus → click company website → check /contact or footer
Hemut,X25,AI-powered operating system for trucking companies,"San Francisco, CA",B2B,https://www.ycombinator.com/companies/hemut,founders@hemut.com or hello@hemut.com,Visit https://www.ycombinator.com/companies/hemut → click company website → check /contact or footer
Orchid,X25,Proactive agent for work,"San Francisco, CA",B2B,https://www.ycombinator.com/companies/orchid,founders@orchid.com or hello@orchid.com,Visit https://www.ycombinator.com/companies/orchid → click company website → check /contact or footer
ValueMate,X25,Automates real estate appraisals with AI,,B2B,https://www.ycombinator.com/companies/valuemate,founders@valuemate.com or hello@valuemate.com,Visit https://www.ycombinator.com/companies/valuemate → click company website → check /contact or footer
Bramante Biologics,X25,American drug manufacturing,"Cambridge, MA",Healthcare,https://www.ycombinator.com/companies/bramante-biologics,founders@bramantebiologics.com or hello@bramantebiologics.com,Visit https://www.ycombinator.com/companies/bramante-biologics → click company website → check /contact or footer
Saffron Health,X25,AI-powered care coordination for primary care,,Healthcare,https://www.ycombinator.com/companies/saffron-health,founders@saffronhealth.com or hello@saffronhealth.com,Visit https://www.ycombinator.com/companies/saffron-health → click company website → check /contact or footer
Scalar Field,X25,Reinventing the trading terminal,,Fintech,https://www.ycombinator.com/companies/scalar-field,founders@scalarfield.com or hello@scalarfield.com,Visit https://www.ycombinator.com/companies/scalar-field → click company website → check /contact or footer
Eloquent AI,X25,The AI Operator for Financial Services,"San Francisco, CA",B2B,https://www.ycombinator.com/companies/eloquent-ai,founders@eloquentai.com or hello@eloquentai.com,Visit https://www.ycombinator.com/companies/eloquent-ai → click company website → check /contact or footer
MorphoAI,X25,Software tool for designing robots and machines,"New York, NY",Industrials,https://www.ycombinator.com/companies/morphoai,founders@morphoai.com or hello@morphoai.com,Visit https://www.ycombinator.com/companies/morphoai → click company website → check /contact or footer
F2,S25,AI platform for private markets investors,"New York, NY",B2B,https://www.ycombinator.com/companies/f2,founders@f2.com or hello@f2.com,Visit https://www.ycombinator.com/companies/f2 → click company website → check /contact or footer
Nox Metals,S25,Supplying America's Industrial Base,"Detroit, MI",Industrials,https://www.ycombinator.com/companies/nox-metals,founders@noxmetals.com or hello@noxmetals.com,Visit https://www.ycombinator.com/companies/nox-metals → click company website → check /contact or footer
Blue,S25,Your phone finally has someone to run it,,Consumer,https://www.ycombinator.com/companies/blue,founders@blue.com or hello@blue.com,Visit https://www.ycombinator.com/companies/blue → click company website → check /contact or footer
Paloma,S25,AI-native CRM for post-sales operations,"San Francisco, CA",B2B,https://www.ycombinator.com/companies/paloma,founders@paloma.com or hello@paloma.com,Visit https://www.ycombinator.com/companies/paloma → click company website → check /contact or footer
Uplift AI,S25,Foundational Voice Models for regional languages,,B2B,https://www.ycombinator.com/companies/uplift-ai,founders@upliftai.com or hello@upliftai.com,Visit https://www.ycombinator.com/companies/uplift-ai → click company website → check /contact or footer
RealRoots,S25,AI social app for women,"San Francisco, CA",Consumer,https://www.ycombinator.com/companies/realroots,founders@realroots.com or hello@realroots.com,Visit https://www.ycombinator.com/companies/realroots → click company website → check /contact or footer
Luminal,S25,Making AI run fast on any hardware,,B2B,https://www.ycombinator.com/companies/luminal,founders@luminal.com or hello@luminal.com,Visit https://www.ycombinator.com/companies/luminal → click company website → check /contact or footer
Freya,S25,Voice AI for Enterprises,"San Francisco, CA",B2B,https://www.ycombinator.com/companies/freya,founders@freya.com or hello@freya.com,Visit https://www.ycombinator.com/companies/freya → click company website → check /contact or footer
burnt,S25,Agentic Operating System for Food Supply Chain,"San Francisco, CA",B2B,https://www.ycombinator.com/companies/burnt,founders@burnt.com or hello@burnt.com,Visit https://www.ycombinator.com/companies/burnt → click company website → check /contact or footer
Avent,S25,AI agents for industrial commerce,,B2B,https://www.ycombinator.com/companies/avent,founders@avent.com or hello@avent.com,Visit https://www.ycombinator.com/companies/avent → click company website → check /contact or footer
Ruvo,S25,The Global Dollar App for Brazil,"São Paulo, Brazil",Fintech,https://www.ycombinator.com/companies/ruvo,founders@ruvo.com or hello@ruvo.com,Visit https://www.ycombinator.com/companies/ruvo → click company website → check /contact or footer
Veritus,S25,AI agents for the consumer lending industry,"San Francisco, CA",Fintech,https://www.ycombinator.com/companies/veritus,founders@veritus.com or hello@veritus.com,Visit https://www.ycombinator.com/companies/veritus → click company website → check /contact or footer
Outrove,S25,Ultra-realistic AI Recruiter,"San Francisco, CA",B2B,https://www.ycombinator.com/companies/outrove,founders@outrove.com or hello@outrove.com,Visit https://www.ycombinator.com/companies/outrove → click company website → check /contact or footer
NOSO LABS,S25,Build AI agents for field technicians,,B2B,https://www.ycombinator.com/companies/noso-labs,founders@nosolabs.com or hello@nosolabs.com,Visit https://www.ycombinator.com/companies/noso-labs → click company website → check /contact or footer
Vulcan Technologies,S25,Frontier intelligence for government and law,"Austin, TX",B2B,https://www.ycombinator.com/companies/vulcan-technologies,founders@vulcantechnologies.com or hello@vulcantechnologies.com,Visit https://www.ycombinator.com/companies/vulcan-technologies → click company website → check /contact or footer
Bizzy AI,S25,Bizzy works 24/7 so you never miss a lead,"San Francisco, CA",B2B,https://www.ycombinator.com/companies/bizzy-ai,founders@bizzyai.com or hello@bizzyai.com,Visit https://www.ycombinator.com/companies/bizzy-ai → click company website → check /contact or footer
Spotlight Realty,S25,AI powered brokerage for NYC rentals,"New York, NY",Real Estate,https://www.ycombinator.com/companies/spotlight-realty,founders@spotlightrealty.com or hello@spotlightrealty.com,Visit https://www.ycombinator.com/companies/spotlight-realty → click company website → check /contact or footer
Interfere,S25,Build software that never breaks,"New York, NY",B2B,https://www.ycombinator.com/companies/interfere,founders@interfere.com or hello@interfere.com,Visit https://www.ycombinator.com/companies/interfere → click company website → check /contact or footer
Munify,S25,Cross-Border Neobank for the Middle East,Remote,Fintech,https://www.ycombinator.com/companies/munify,founders@munify.com or hello@munify.com,Visit https://www.ycombinator.com/companies/munify → click company website → check /contact or footer
RowFlow,S25,Replacing forms with AI conversations,"New York, NY",B2B,https://www.ycombinator.com/companies/rowflow,founders@rowflow.com or hello@rowflow.com,Visit https://www.ycombinator.com/companies/rowflow → click company website → check /contact or footer
TectoAI,S25,A Platform for AI Governance,"San Francisco, CA",B2B,https://www.ycombinator.com/companies/tectoai,founders@tectoai.com or hello@tectoai.com,Visit https://www.ycombinator.com/companies/tectoai → click company website → check /contact or footer
Duranium,S25,Reshoring critical metal production,"Alameda, CA",Industrials,https://www.ycombinator.com/companies/duranium,founders@duranium.com or hello@duranium.com,Visit https://www.ycombinator.com/companies/duranium → click company website → check /contact or footer
Perspectives Health,S25,Automating admin for behavioral health clinics,"Chicago, IL",Healthcare,https://www.ycombinator.com/companies/perspectives-health,founders@perspectiveshealth.com or hello@perspectiveshealth.com,Visit https://www.ycombinator.com/companies/perspectives-health → click company website → check /contact or footer
Modelence,S25,Full-stack platform for agentic development,"San Francisco, CA",B2B,https://www.ycombinator.com/companies/modelence,founders@modelence.com or hello@modelence.com,Visit https://www.ycombinator.com/companies/modelence → click company website → check /contact or footer
Magnetic,S25,AI Tax Preparer for CPA firms,,B2B,https://www.ycombinator.com/companies/magnetic,founders@magnetic.com or hello@magnetic.com,Visit https://www.ycombinator.com/companies/magnetic → click company website → check /contact or footer
Fleetline,S25,Optimizing fleet planning with algorithms,"New York, NY",B2B,https://www.ycombinator.com/companies/fleetline,founders@fleetline.com or hello@fleetline.com,Visit https://www.ycombinator.com/companies/fleetline → click company website → check /contact or footer
Clodo,S25,Planet-scale people search,"San Francisco, CA",B2B,https://www.ycombinator.com/companies/clodo,founders@clodo.com or hello@clodo.com,Visit https://www.ycombinator.com/companies/clodo → click company website → check /contact or footer
stagewise,S25,The coding agent built for the web,,B2B,https://www.ycombinator.com/companies/stagewise,founders@stagewise.com or hello@stagewise.com,Visit https://www.ycombinator.com/companies/stagewise → click company website → check /contact or footer
Flywheel AI,S25,Waymo for excavators,"San Francisco, CA",Industrials,https://www.ycombinator.com/companies/flywheel-ai,founders@flywheelai.com or hello@flywheelai.com,Visit https://www.ycombinator.com/companies/flywheel-ai → click company website → check /contact or footer
Juxta,S25,GPS alternative 100x more powerful no hardware needed,,B2B,https://www.ycombinator.com/companies/juxta,founders@juxta.com or hello@juxta.com,Visit https://www.ycombinator.com/companies/juxta → click company website → check /contact or footer
Okibi,S25,Build AI coworkers using natural language,"San Francisco, CA",B2B,https://www.ycombinator.com/companies/okibi,founders@okibi.com or hello@okibi.com,Visit https://www.ycombinator.com/companies/okibi → click company website → check /contact or footer
Rebulk,S25,Accurately measure and monitor bulk inventory,"Olathe, KS",B2B,https://www.ycombinator.com/companies/rebulk,founders@rebulk.com or hello@rebulk.com,Visit https://www.ycombinator.com/companies/rebulk → click company website → check /contact or footer
KERNEL,S25,Open source infra for AI agents to use the Internet,"San Francisco, CA",B2B,https://www.ycombinator.com/companies/kernel,founders@kernel.com or hello@kernel.com,Visit https://www.ycombinator.com/companies/kernel → click company website → check /contact or footer
Reacher,S25,Automate creator marketing for largest brands,"San Francisco, CA",B2B,https://www.ycombinator.com/companies/reacher,founders@reacher.com or hello@reacher.com,Visit https://www.ycombinator.com/companies/reacher → click company website → check /contact or footer
Certus AI,S25,Replacing restaurant phone line with Voice AI,"San Francisco, CA",B2B,https://www.ycombinator.com/companies/certus-ai,founders@certusai.com or hello@certusai.com,Visit https://www.ycombinator.com/companies/certus-ai → click company website → check /contact or footer
Notte,S25,Reliable Web Agents for Enterprise,"San Francisco, CA",B2B,https://www.ycombinator.com/companies/notte,founders@notte.com or hello@notte.com,Visit https://www.ycombinator.com/companies/notte → click company website → check /contact or footer
Pally,S25,Intelligent Unified Inbox + Personal CRM,"San Francisco, CA",B2B,https://www.ycombinator.com/companies/pally,founders@pally.com or hello@pally.com,Visit https://www.ycombinator.com/companies/pally → click company website → check /contact or footer
Locata,S25,AI Referral Automation for Primary Care Clinics,"New York, NY",Healthcare,https://www.ycombinator.com/companies/locata,founders@locata.com or hello@locata.com,Visit https://www.ycombinator.com/companies/locata → click company website → check /contact or footer
Pleom,S25,Agentic Business Intelligence,,B2B,https://www.ycombinator.com/companies/pleom,founders@pleom.com or hello@pleom.com,Visit https://www.ycombinator.com/companies/pleom → click company website → check /contact or footer
Coasts,F25,Localhost service isolation for git worktrees,,B2B,https://www.ycombinator.com/companies/coasts,founders@coasts.com or hello@coasts.com,Visit https://www.ycombinator.com/companies/coasts → click company website → check /contact or footer
Zephyr Fusion,F25,Powering industrial revolution in space,"San Diego, CA",Industrials,https://www.ycombinator.com/companies/zephyr-fusion,founders@zephyrfusion.com or hello@zephyrfusion.com,Visit https://www.ycombinator.com/companies/zephyr-fusion → click company website → check /contact or footer
Mayflower,F25,AI plug-in for HR immigration screening,"San Francisco, CA",Government,https://www.ycombinator.com/companies/mayflower,founders@mayflower.com or hello@mayflower.com,Visit https://www.ycombinator.com/companies/mayflower → click company website → check /contact or footer
item,F25,The AI-Native CRM that works for you,"San Francisco, CA",B2B,https://www.ycombinator.com/companies/item,founders@item.com or hello@item.com,Visit https://www.ycombinator.com/companies/item → click company website → check /contact or footer
Rivet,F25,Visual editor to design in production code,"San Francisco, CA",B2B,https://www.ycombinator.com/companies/rivet,founders@rivet.com or hello@rivet.com,Visit https://www.ycombinator.com/companies/rivet → click company website → check /contact or footer
Openroll,F25,AI workforce for People and Finance teams,"Stockholm, Sweden",B2B,https://www.ycombinator.com/companies/openroll,founders@openroll.com or hello@openroll.com,Visit https://www.ycombinator.com/companies/openroll → click company website → check /contact or footer
Amika,F25,Infra to build your own software factory,"New York, NY",B2B,https://www.ycombinator.com/companies/amika,founders@amika.com or hello@amika.com,Visit https://www.ycombinator.com/companies/amika → click company website → check /contact or footer
Bear,F25,Marketing Stack for AI Agents,"San Francisco, CA",B2B,https://www.ycombinator.com/companies/bear,founders@bear.com or hello@bear.com,Visit https://www.ycombinator.com/companies/bear → click company website → check /contact or footer
Moss,F25,Real-time semantic search for Conversational AI,"San Mateo, CA",B2B,https://www.ycombinator.com/companies/moss,founders@moss.com or hello@moss.com,Visit https://www.ycombinator.com/companies/moss → click company website → check /contact or footer
Zarna,F25,AI Associates for Private Capital,"San Francisco, CA",B2B,https://www.ycombinator.com/companies/zarna,founders@zarna.com or hello@zarna.com,Visit https://www.ycombinator.com/companies/zarna → click company website → check /contact or footer
MarkIt,F25,AI Agents for Trade Compliance - Tariff Savings,"San Francisco, CA",B2B,https://www.ycombinator.com/companies/markit,founders@markit.com or hello@markit.com,Visit https://www.ycombinator.com/companies/markit → click company website → check /contact or footer
Dome,F25,Unified API for prediction markets,,B2B,https://www.ycombinator.com/companies/dome,founders@dome.com or hello@dome.com,Visit https://www.ycombinator.com/companies/dome → click company website → check /contact or footer
Clicks,F25,AI agents for back-office operations,"San Francisco, CA",B2B,https://www.ycombinator.com/companies/clicks,founders@clicks.com or hello@clicks.com,Visit https://www.ycombinator.com/companies/clicks → click company website → check /contact or footer
Fastshot,F25,Lovable for mobile apps,,B2B,https://www.ycombinator.com/companies/fastshot,founders@fastshot.com or hello@fastshot.com,Visit https://www.ycombinator.com/companies/fastshot → click company website → check /contact or footer
Claybird,F25,The full-stack AI ad company,"San Francisco, CA",B2B,https://www.ycombinator.com/companies/claybird,founders@claybird.com or hello@claybird.com,Visit https://www.ycombinator.com/companies/claybird → click company website → check /contact or footer
LunaBill,F25,AI Voice callers for healthcare billing teams,"San Francisco, CA",Healthcare,https://www.ycombinator.com/companies/lunabill,founders@lunabill.com or hello@lunabill.com,Visit https://www.ycombinator.com/companies/lunabill → click company website → check /contact or footer
Nerviom,F25,AI Autopilot for Infrastructure Permitting,,Real Estate,https://www.ycombinator.com/companies/nerviom,founders@nerviom.com or hello@nerviom.com,Visit https://www.ycombinator.com/companies/nerviom → click company website → check /contact or footer
Velvet,F25,Helping AI pass the audiovisual Turing test,,B2B,https://www.ycombinator.com/companies/velvet,founders@velvet.com or hello@velvet.com,Visit https://www.ycombinator.com/companies/velvet → click company website → check /contact or footer
DiligenceSquared,F25,AI-powered market due diligence,"San Francisco, CA",B2B,https://www.ycombinator.com/companies/diligencesquared,founders@diligencesquared.com or hello@diligencesquared.com,Visit https://www.ycombinator.com/companies/diligencesquared → click company website → check /contact or footer
Amera,F25,Automating claims processing for health insurance,,Fintech,https://www.ycombinator.com/companies/amera,founders@amera.com or hello@amera.com,Visit https://www.ycombinator.com/companies/amera → click company website → check /contact or footer
Forge Robotics,F25,Robotics intelligence for metal fabrication,"San Francisco, CA",Industrials,https://www.ycombinator.com/companies/forge-robotics,founders@forgerobotics.com or hello@forgerobotics.com,Visit https://www.ycombinator.com/companies/forge-robotics → click company website → check /contact or footer
Bluma,F25,Canva for short-form video ads,"San Francisco, CA",B2B,https://www.ycombinator.com/companies/bluma,founders@bluma.com or hello@bluma.com,Visit https://www.ycombinator.com/companies/bluma → click company website → check /contact or footer
Lightberry,F25,The social brain for robots,"San Francisco, CA",Industrials,https://www.ycombinator.com/companies/lightberry,founders@lightberry.com or hello@lightberry.com,Visit https://www.ycombinator.com/companies/lightberry → click company website → check /contact or footer
The Hog,F25,AI Demand Gen for Companies,,B2B,https://www.ycombinator.com/companies/the-hog,founders@thehog.com or hello@thehog.com,Visit https://www.ycombinator.com/companies/the-hog → click company website → check /contact or footer
Telemetron,F25,Support Platform for Hardware Companies,,B2B,https://www.ycombinator.com/companies/telemetron,founders@telemetron.com or hello@telemetron.com,Visit https://www.ycombinator.com/companies/telemetron → click company website → check /contact or footer
Boom AI,F25,AI growth team for e-commerce brands,"San Francisco, CA",B2B,https://www.ycombinator.com/companies/boom-ai,founders@boomai.com or hello@boomai.com,Visit https://www.ycombinator.com/companies/boom-ai → click company website → check /contact or footer
Freeport Markets,F25,Tradable Twitter Feed,"New York, NY",Fintech,https://www.ycombinator.com/companies/freeport-markets,founders@freeportmarkets.com or hello@freeportmarkets.com,Visit https://www.ycombinator.com/companies/freeport-markets → click company website → check /contact or footer
Miniswap,F25,The Marketplace for Complex Hobbies,"San Francisco, CA",Consumer,https://www.ycombinator.com/companies/miniswap,founders@miniswap.com or hello@miniswap.com,Visit https://www.ycombinator.com/companies/miniswap → click company website → check /contact or footer
Rovi Health,F25,AI healthcare concierge for employees,"New York, NY",Healthcare,https://www.ycombinator.com/companies/rovi-health,founders@rovihealth.com or hello@rovihealth.com,Visit https://www.ycombinator.com/companies/rovi-health → click company website → check /contact or footer
Castari,F25,Vercel for AI Agents - Claude Agent SDK,,B2B,https://www.ycombinator.com/companies/castari,founders@castari.com or hello@castari.com,Visit https://www.ycombinator.com/companies/castari → click company website → check /contact or footer
Jarmin,F25,24/7 Machine Learning Engineer employees,"San Francisco, CA",B2B,https://www.ycombinator.com/companies/jarmin,founders@jarmin.com or hello@jarmin.com,Visit https://www.ycombinator.com/companies/jarmin → click company website → check /contact or footer
Exonic,F25,Unsupervised Biological AI,"San Francisco, CA",Healthcare,https://www.ycombinator.com/companies/exonic,founders@exonic.com or hello@exonic.com,Visit https://www.ycombinator.com/companies/exonic → click company website → check /contact or footer
Lemma,F25,Continuous learning for AI agents,"San Francisco, CA",B2B,https://www.ycombinator.com/companies/lemma,founders@lemma.com or hello@lemma.com,Visit https://www.ycombinator.com/companies/lemma → click company website → check /contact or footer
Mantle,F25,Build internal agents to automate back office,,B2B,https://www.ycombinator.com/companies/mantle,founders@mantle.com or hello@mantle.com,Visit https://www.ycombinator.com/companies/mantle → click company website → check /contact or footer
Karumi,F25,The Waymo of Personalized demos,,B2B,https://www.ycombinator.com/companies/karumi,founders@karumi.com or hello@karumi.com,Visit https://www.ycombinator.com/companies/karumi → click company website → check /contact or footer
Icarus,F25,Stratospheric birds for defense,"Los Angeles, CA",Industrials,https://www.ycombinator.com/companies/icarus,founders@icarus.com or hello@icarus.com,Visit https://www.ycombinator.com/companies/icarus → click company website → check /contact or footer
Sava,F25,Building the future of trusts,,Fintech,https://www.ycombinator.com/companies/sava,founders@sava.com or hello@sava.com,Visit https://www.ycombinator.com/companies/sava → click company website → check /contact or footer
Denki,F25,Full-stack AI financial audit firm,"San Francisco, CA",B2B,https://www.ycombinator.com/companies/denki,founders@denki.com or hello@denki.com,Visit https://www.ycombinator.com/companies/denki → click company website → check /contact or footer
Arcten,F25,Building the best coding agents,"San Francisco, CA",B2B,https://www.ycombinator.com/companies/arcten,founders@arcten.com or hello@arcten.com,Visit https://www.ycombinator.com/companies/arcten → click company website → check /contact or footer
Metorial,F25,The infra layer for AI integrations,Remote,B2B,https://www.ycombinator.com/companies/metorial,founders@metorial.com or hello@metorial.com,Visit https://www.ycombinator.com/companies/metorial → click company website → check /contact or footer
Cardinal,W26,AI Platform for Precision Outbound,,B2B,https://www.ycombinator.com/companies/cardinal,founders@cardinal.com or hello@cardinal.com,Visit https://www.ycombinator.com/companies/cardinal → click company website → check /contact or footer
Wideframe,W26,AI coworker for video editors,,B2B,https://www.ycombinator.com/companies/wideframe,founders@wideframe.com or hello@wideframe.com,Visit https://www.ycombinator.com/companies/wideframe → click company website → check /contact or footer
Martini,W26,AI Video Production for Professionals,,B2B,https://www.ycombinator.com/companies/martini,founders@martini.com or hello@martini.com,Visit https://www.ycombinator.com/companies/martini → click company website → check /contact or footer
Condor Energy,W26,Software for enterprise energy procurement,,Industrials,https://www.ycombinator.com/companies/condor-energy,founders@condorenergy.com or hello@condorenergy.com,Visit https://www.ycombinator.com/companies/condor-energy → click company website → check /contact or footer
Remix,W26,Social media content auto-generated with your data,,Consumer,https://www.ycombinator.com/companies/remix,founders@remix.com or hello@remix.com,Visit https://www.ycombinator.com/companies/remix → click company website → check /contact or footer
Shofo,W26,The World's Largest Video Library,,B2B,https://www.ycombinator.com/companies/shofo,founders@shofo.com or hello@shofo.com,Visit https://www.ycombinator.com/companies/shofo → click company website → check /contact or footer
Wayco,W26,AI operator for medlegal cases,,B2B,https://www.ycombinator.com/companies/wayco,founders@wayco.com or hello@wayco.com,Visit https://www.ycombinator.com/companies/wayco → click company website → check /contact or footer
Unifold,W26,Multi-chain deposit and payment infrastructure,,Fintech,https://www.ycombinator.com/companies/unifold,founders@unifold.com or hello@unifold.com,Visit https://www.ycombinator.com/companies/unifold → click company website → check /contact or footer
Carrot Labs,W26,Continuous Fine-Tuning for AI Models,"San Francisco, CA",B2B,https://www.ycombinator.com/companies/carrot-labs,founders@carrotlabs.com or hello@carrotlabs.com,Visit https://www.ycombinator.com/companies/carrot-labs → click company website → check /contact or footer
Aurorin CAD,W26,Claude code for Mechanical Engineers,,B2B,https://www.ycombinator.com/companies/aurorin-cad,founders@aurorincad.com or hello@aurorincad.com,Visit https://www.ycombinator.com/companies/aurorin-cad → click company website → check /contact or footer
Fixture,W26,An AI-first CRM built for Startups,,B2B,https://www.ycombinator.com/companies/fixture,founders@fixture.com or hello@fixture.com,Visit https://www.ycombinator.com/companies/fixture → click company website → check /contact or footer
DAIVIN!,W26,Tankless Dive Gear,,Industrials,https://www.ycombinator.com/companies/daivin,founders@daivin!.com or hello@daivin!.com,Visit https://www.ycombinator.com/companies/daivin → click company website → check /contact or footer
GrazeMate,W26,Robot Cowboys that Herd Cattle with AI Drones,,Industrials,https://www.ycombinator.com/companies/grazemate,founders@grazemate.com or hello@grazemate.com,Visit https://www.ycombinator.com/companies/grazemate → click company website → check /contact or footer
Origami Robotics,W26,Manipulate Anything Robot,,Industrials,https://www.ycombinator.com/companies/origami-robotics,founders@origamirobotics.com or hello@origamirobotics.com,Visit https://www.ycombinator.com/companies/origami-robotics → click company website → check /contact or footer
Librar Labs,W26,Autonomous AI with taste,"San Francisco, CA",B2B,https://www.ycombinator.com/companies/librar-labs,founders@librarlabs.com or hello@librarlabs.com,Visit https://www.ycombinator.com/companies/librar-labs → click company website → check /contact or footer
Rubric AI,W26,Reasoning and verification infra for AI,,B2B,https://www.ycombinator.com/companies/rubric-ai,founders@rubricai.com or hello@rubricai.com,Visit https://www.ycombinator.com/companies/rubric-ai → click company website → check /contact or footer
Zymbly,W26,Automates admin for aircraft mechanics,,B2B,https://www.ycombinator.com/companies/zymbly,founders@zymbly.com or hello@zymbly.com,Visit https://www.ycombinator.com/companies/zymbly → click company website → check /contact or footer
Ritivel,W26,AI-native platform for Life-Sciences Documentation,"San Francisco, CA",Healthcare,https://www.ycombinator.com/companies/ritivel,founders@ritivel.com or hello@ritivel.com,Visit https://www.ycombinator.com/companies/ritivel → click company website → check /contact or footer
Polymorph,W26,Personalization infra for retention and LTV,,B2B,https://www.ycombinator.com/companies/polymorph,founders@polymorph.com or hello@polymorph.com,Visit https://www.ycombinator.com/companies/polymorph → click company website → check /contact or footer
Pollinate,W26,AI Agents for the supply chain,,B2B,https://www.ycombinator.com/companies/pollinate,founders@pollinate.com or hello@pollinate.com,Visit https://www.ycombinator.com/companies/pollinate → click company website → check /contact or footer
SpotPay,W26,Stablecoin Global Bank Account,,Fintech,https://www.ycombinator.com/companies/spotpay,founders@spotpay.com or hello@spotpay.com,Visit https://www.ycombinator.com/companies/spotpay → click company website → check /contact or footer
VOYGR,W26,Real-world place intelligence for AI apps,,B2B,https://www.ycombinator.com/companies/voygr,founders@voygr.com or hello@voygr.com,Visit https://www.ycombinator.com/companies/voygr → click company website → check /contact or footer
MochaCare,W26,Agentic Management for Care Organizations,,B2B,https://www.ycombinator.com/companies/mochacare,founders@mochacare.com or hello@mochacare.com,Visit https://www.ycombinator.com/companies/mochacare → click company website → check /contact or footer
Vela,W26,AI Agents For Complex Scheduling Coordination,,B2B,https://www.ycombinator.com/companies/vela,founders@vela.com or hello@vela.com,Visit https://www.ycombinator.com/companies/vela → click company website → check /contact or footer
Veriad,W26,Enterprise marketing agents,,B2B,https://www.ycombinator.com/companies/veriad,founders@veriad.com or hello@veriad.com,Visit https://www.ycombinator.com/companies/veriad → click company website → check /contact or footer
Talking Computers,W26,AI for AI Infrastructure,,B2B,https://www.ycombinator.com/companies/talking-computers,founders@talkingcomputers.com or hello@talkingcomputers.com,Visit https://www.ycombinator.com/companies/talking-computers → click company website → check /contact or footer
Copperlane,W26,AI Mortgage Loan Officer,,B2B,https://www.ycombinator.com/companies/copperlane,founders@copperlane.com or hello@copperlane.com,Visit https://www.ycombinator.com/companies/copperlane → click company website → check /contact or footer
Canary,W26,First AI QA engineer that understands your code,,B2B,https://www.ycombinator.com/companies/canary,founders@canary.com or hello@canary.com,Visit https://www.ycombinator.com/companies/canary → click company website → check /contact or footer
Grade,W26,API for performance-based payroll,,Fintech,https://www.ycombinator.com/companies/grade,founders@grade.com or hello@grade.com,Visit https://www.ycombinator.com/companies/grade → click company website → check /contact or footer
Sila,W26,Agentic Workplace Messaging,,B2B,https://www.ycombinator.com/companies/sila,founders@sila.com or hello@sila.com,Visit https://www.ycombinator.com/companies/sila → click company website → check /contact or footer
Maven,W26,Payments Infrastructure for Voice Agents,,B2B,https://www.ycombinator.com/companies/maven,founders@maven.com or hello@maven.com,Visit https://www.ycombinator.com/companies/maven → click company website → check /contact or footer
Moda,W26,The monitoring layer your AI agents need,,B2B,https://www.ycombinator.com/companies/moda,founders@moda.com or hello@moda.com,Visit https://www.ycombinator.com/companies/moda → click company website → check /contact or footer
The Token Company,W26,Compression middleware for LLM outputs,,B2B,https://www.ycombinator.com/companies/the-token-company,founders@thetokencompany.com or hello@thetokencompany.com,Visit https://www.ycombinator.com/companies/the-token-company → click company website → check /contact or footer
BeeSafe AI,W26,Frontier AI Defenses for Social Engineering,,B2B,https://www.ycombinator.com/companies/beesafe-ai,founders@beesafeai.com or hello@beesafeai.com,Visit https://www.ycombinator.com/companies/beesafe-ai → click company website → check /contact or footer
Fed10,W26,AI agents that replace policy consultants,,B2B,https://www.ycombinator.com/companies/fed10,founders@fed10.com or hello@fed10.com,Visit https://www.ycombinator.com/companies/fed10 → click company website → check /contact or footer
Squid,W26,AI agents for power grid planning,,Industrials,https://www.ycombinator.com/companies/squid,founders@squid.com or hello@squid.com,Visit https://www.ycombinator.com/companies/squid → click company website → check /contact or footer
Crow,W26,Let users control your app through chat,,B2B,https://www.ycombinator.com/companies/crow,founders@crow.com or hello@crow.com,Visit https://www.ycombinator.com/companies/crow → click company website → check /contact or footer
Foreman,W26,"Keeping contractors on job site, not behind desk",,Real Estate,https://www.ycombinator.com/companies/foreman,founders@foreman.com or hello@foreman.com,Visit https://www.ycombinator.com/companies/foreman → click company website → check /contact or footer
Booko,W26,Dynamically pricing the whole economy,,B2B,https://www.ycombinator.com/companies/booko,founders@booko.com or hello@booko.com,Visit https://www.ycombinator.com/companies/booko → click company website → check /contact or footer
Corelayer,W26,AI on-call engineer for regulated industries,,B2B,https://www.ycombinator.com/companies/corelayer,founders@corelayer.com or hello@corelayer.com,Visit https://www.ycombinator.com/companies/corelayer → click company website → check /contact or footer
