category,name,website,contact_method,public_email,contact_page,notes
Top SEO Agencies (Visit → Contact Page → Pitch),WebFX,https://webfx.com,webfx.com/contact,,,"Full-service, 500+ clients"
Top SEO Agencies (Visit → Contact Page → Pitch),Ignite Visibility,https://ignitevisibility.com,ignitevisibility.com/contact,opportunity@ignitevisibility.com,https://go.ignitevisibility.com/contact-us/,Enterprise SEO
Top SEO Agencies (Visit → Contact Page → Pitch),Coalition Technologies,https://coalitiontechnologies.com,Phone on homepage,,,E-commerce SEO
Top SEO Agencies (Visit → Contact Page → Pitch),NP Digital (Neil Patel),https://npdigital.com,npdigital.com/contact,,,Content + SEO at scale
Top SEO Agencies (Visit → Contact Page → Pitch),Victorious,https://victoriousseo.com,victoriousseo.com/contact,,,SEO-first specialist
Top SEO Agencies (Visit → Contact Page → Pitch),SmartSites,https://www.smartsites.com/,smartsites.com/contact,contact@smartsites.com,,4.9★ on Clutch (350+ reviews)
Top SEO Agencies (Visit → Contact Page → Pitch),Searchbloom,https://www.searchbloom.com/,searchbloom.com/contact,hello@searchbloom.com; your@email.com,https://www.searchbloom.com/contact-us/,"ROI-focused, long-term"
Top SEO Agencies (Visit → Contact Page → Pitch),Boostability,https://boostability.com,boostability.com/contact,,,"SMB-focused, scalable"
Top SEO Agencies (Visit → Contact Page → Pitch),Intero Digital,https://interodigital.com,interodigital.com/contact,,,Tech-powered SEO
Top SEO Agencies (Visit → Contact Page → Pitch),Funnel Boost Media,https://funnelboostmedia.net,Contact form on site,,,Local SEO + AI visibility
Top SEO Agencies (Visit → Contact Page → Pitch),SEO Brand,https://www.seobrand.com/,seobrand.com/contact,i&#110;&#102;&#111;&#64;s&#101;obr&#97;n&#100;&#46;&#110;e&#116;,,4.9★ on Clutch
Top SEO Agencies (Visit → Contact Page → Pitch),SimpleTiger,https://www.simpletiger.com/,simpletiger.com/contact,sales@simpletiger.com,,SaaS SEO specialist
Top SEO Agencies (Visit → Contact Page → Pitch),Rankings.io,https://rankings.io,rankings.io/contact,,https://rankings.io/contact/,Legal/niche SEO
Top SEO Agencies (Visit → Contact Page → Pitch),NextLeft,https://nextleft.com,nextleft.com/contact,marketing@nextleft.com,https://nextleft.com/contact-us/,Data-driven SEO
Top SEO Agencies (Visit → Contact Page → Pitch),Sure Oak,https://sureoak.com,sureoak.com/contact,,https://sureoak.com/contact,Growth-focused
Programmatic SEO Agencies,Omniscient Digital,https://beomniscient.com,Revenue-focused pSEO,,,
Programmatic SEO Agencies,TripleDart,https://www.tripledart.com/,SaaS startup pSEO,,,
Programmatic SEO Agencies,Flying Cat Marketing,https://flyingcatmarketing.com,B2B template pSEO,,,
Programmatic SEO Agencies,Conversion Factory,,Design-centric pSEO,,,
Programmatic SEO Agencies,Concurate,https://concurate.com,SaaS content + pSEO,nitesh.gupta@concurate.com; nitesh.gupta@concurate.com;,,
"Clutch.co Top-Rated (Small/Medium, High Review Count)",Straight North,,100+,,,
"Clutch.co Top-Rated (Small/Medium, High Review Count)",OuterBox,,80+,,,
"Clutch.co Top-Rated (Small/Medium, High Review Count)",1Digital Agency,,100+,,,
"Clutch.co Top-Rated (Small/Medium, High Review Count)",Titan Growth,,50+,,,
"Clutch.co Top-Rated (Small/Medium, High Review Count)",SEO Discovery,,200+,,,
"Clutch.co Top-Rated (Small/Medium, High Review Count)",Directive,,100+,,,
"Clutch.co Top-Rated (Small/Medium, High Review Count)",Loganix,,50+,,,
"Clutch.co Top-Rated (Small/Medium, High Review Count)",Page One Power,,70+,,,
"Clutch.co Top-Rated (Small/Medium, High Review Count)",Siege Media,,50+,,,
"Clutch.co Top-Rated (Small/Medium, High Review Count)",Seer Interactive,,60+,,,
Individual Experts (LinkedIn + Twitter/X),Aleyda Solis,,@aaborsky,,,"International SEO, SEOFOMO newsletter"
Individual Experts (LinkedIn + Twitter/X),Kevin Indig,,@Kevin_Indig,,,"SaaS SEO, Growth Memo newsletter"
Individual Experts (LinkedIn + Twitter/X),Lily Ray,,@liloray,,,"E-E-A-T, algo updates"
Individual Experts (LinkedIn + Twitter/X),Patrick Stox,,@patrickstox,,,"Technical SEO, Ahrefs"
Individual Experts (LinkedIn + Twitter/X),Britney Muller,,@BritneyMuller,,,Data science + SEO
Individual Experts (LinkedIn + Twitter/X),Cyrus Shepard,,@CyrusShepard,,,"Zyppy, on-page SEO"
Individual Experts (LinkedIn + Twitter/X),Marie Haynes,,@Marie_Haynes,,,Google algo analysis
Individual Experts (LinkedIn + Twitter/X),Glen Allsopp,,@ViperChill,,,"Detailed.com, SEO audits"
Individual Experts (LinkedIn + Twitter/X),Matt Diggity,,@mattdiggityseo,,,"Affiliate SEO, testing"
Individual Experts (LinkedIn + Twitter/X),Kyle Roof,,@kaboroof,,,On-page SEO testing
Individual Experts (LinkedIn + Twitter/X),Hridoy Chowdhury,,hridoychowdhury.com,,,Programmatic SEO
Individual Experts (LinkedIn + Twitter/X),Nikola Baldikov,,miloszkrasinski.com,,,AI content strategy
Individual Experts (LinkedIn + Twitter/X),Garrett Sussman,,@garrettsussman,,,Generative AI + SEO
Individual Experts (LinkedIn + Twitter/X),Marc Lou,,@marc_louvion,,,Indie hacker pSEO
Individual Experts (LinkedIn + Twitter/X),Nathan Gotch,,@nathangotch,,,Gotch SEO Academy
"SEO YouTubers (Reach via comments, email, or collab requests)",Ahrefs,,YouTube / ahrefs.com,,,
"SEO YouTubers (Reach via comments, email, or collab requests)",Matt Diggity,,YouTube / diggitymarketing.com,,,
"SEO YouTubers (Reach via comments, email, or collab requests)",Nathan Gotch,,YouTube / gotchseo.com,,,
"SEO YouTubers (Reach via comments, email, or collab requests)",Income School,,YouTube / incomeschool.com,,,
"SEO YouTubers (Reach via comments, email, or collab requests)",Backlinko (Brian Dean),,backlinko.com/contact,,,
🟡 TIER 3 — SEO Newsletters (Sponsor or Get Featured),SEOFOMO,,30K+ SEO pros,,,seofomo.co (sponsor page)
🟡 TIER 3 — SEO Newsletters (Sponsor or Get Featured),Growth Memo,,20K+ growth leaders,,,kevin-indig.com/contact
🟡 TIER 3 — SEO Newsletters (Sponsor or Get Featured),Detailed,,15K+ advanced SEOs,,,detailed.com
🟡 TIER 3 — SEO Newsletters (Sponsor or Get Featured),Search Engine Land,,100K+,,,searchengineland.com/contact
🟡 TIER 3 — SEO Newsletters (Sponsor or Get Featured),Search Engine Journal,,100K+,,,searchenginejournal.com/contact
🟡 TIER 3 — SEO Newsletters (Sponsor or Get Featured),The SEO MBA,,10K+ SEO leaders,,,seomba.com
🟡 TIER 3 — SEO Newsletters (Sponsor or Get Featured),Women in Tech SEO,,10K+,,,womenintechseo.com
🟡 TIER 3 — SEO Newsletters (Sponsor or Get Featured),SEO Notebook,,15K+,,,seonotebook.com
🟡 TIER 3 — SEO Newsletters (Sponsor or Get Featured),TLDR Newsletter,,1M+ tech pros,,,tldr.tech/advertise
🟡 TIER 3 — SEO Newsletters (Sponsor or Get Featured),Indie Hackers Newsletter,,100K+,,,indiehackers.com
Slack Communities,Traffic Think Tank,,trafficthinktank.com,,,
Slack Communities,Online Geniuses,,onlinegeniuses.com,,,
Slack Communities,The SEO Community,,Search on slofile.com,,,
Slack Communities,Growmance,,growmance.com,,,
Slack Communities,CRO Growth Hacks,,Invite-only,,,
Slack Communities,Creative Tribes,,creativetribes.co,,,
Discord Servers,67,,Digital marketing,,,
Discord Servers,68,,Networking + growth,,,
Discord Servers,69,,SEO advice + ranking,,,
Discord Servers,70,,Agency owners,,,
Reddit Communities,r/SEO,,General SEO discussions,,,
Reddit Communities,r/bigseo,,Professional/advanced SEO,,,
Reddit Communities,r/juststart,,Niche site builders,,,
Reddit Communities,r/Entrepreneur,,SaaS launches,,,
Reddit Communities,r/SaaS,,SaaS product feedback,,,
Reddit Communities,r/webdev,,Developer-focused tools,,,
Reddit Communities,r/startups,,Startup launches,,,
Reddit Communities,r/indiehackers,,Indie product launches,,,
Facebook Groups,SEO Signals Lab,,Advanced SEO,,,
Facebook Groups,Superstar SEO,,Link building + indexing,,,
Facebook Groups,The Proper SEO Group,,White-hat SEO,,,
Facebook Groups,SEO & Digital Marketing,,General,,,
Facebook Groups,Shopify Entrepreneurs,,E-commerce,,,
Facebook Groups,WordPress SEO,,WordPress-specific,,,
🔵 TIER 5 — Launch Platforms,Product Hunt,,producthunt.com,,,
🔵 TIER 5 — Launch Platforms,AppSumo,,appsumo.com/partners,,,
🔵 TIER 5 — Launch Platforms,BetaList,,betalist.com/submit,,,
🔵 TIER 5 — Launch Platforms,Microlaunch,,microlaunch.net,,,
🔵 TIER 5 — Launch Platforms,Hacker News,,news.ycombinator.com,,,
🔵 TIER 5 — Launch Platforms,Indie Hackers,,indiehackers.com,,,
🔵 TIER 5 — Launch Platforms,Dev Hunt,,devhunt.org,,,
🔵 TIER 5 — Launch Platforms,SaaSHub,,saashub.com,,,
🔵 TIER 5 — Launch Platforms,AlternativeTo,,alternativeto.net,,,
🔵 TIER 5 — Launch Platforms,G2,,g2.com,,,
🔵 TIER 5 — Launch Platforms,Capterra,,capterra.com,,,
🟣 TIER 6 — Cold Email Tools & Lead Sources,Hunter.io,https://hunter.io,"Find emails by domain, 25 free/mo",me@company.com,https://hunter.io/contact,
🟣 TIER 6 — Cold Email Tools & Lead Sources,Apollo.io,https://www.apollo.io/,"250M+ contacts, free tier",u003eapollo@lionheartsquared.eu; u003eprivacy@apollo.io,https://www.apollo.io/contact-us,
🟣 TIER 6 — Cold Email Tools & Lead Sources,Snov.io,https://snov.io,Email finder + drip campaigns,help@snov.io,https://snov.io/contact-us,
🟣 TIER 6 — Cold Email Tools & Lead Sources,Lemlist,https://www.lemlist.com/,Cold email + LinkedIn outreach,,,
🟣 TIER 6 — Cold Email Tools & Lead Sources,Instantly.ai,https://instantly.ai,Bulk cold email sending,,,
🟣 TIER 6 — Cold Email Tools & Lead Sources,Reply.io,https://reply.io,Multi-channel outreach,,,
📋 Outreach Tracker Template,—,,Contact form,,,⏳ Pending
📋 Outreach Tracker Template,—,,Hunter.io email,,,⏳ Pending
📋 Outreach Tracker Template,Aleyda Solis,,LinkedIn DM,,,⏳ Pending
📋 Outreach Tracker Template,—,,Reddit post,,,⏳ Pending
